abs_azimuth,transmission
0.0,0.001
0.1,0.001
0.2,0.001
0.30000000000000004,0.001
0.4,0.001
0.5,0.001
0.6000000000000001,0.001
0.7000000000000001,0.001
0.8,0.001
0.9,0.001
1.0,0.001
1.1,0.001
1.2000000000000002,0.001
1.3,0.001
1.4000000000000001,0.001
1.5,0.001
1.6,0.001
1.7000000000000002,0.001
1.8,0.001
1.9000000000000001,0.001
2.0,0.001
2.1,0.001
2.2,0.001
2.3000000000000003,0.001
2.4000000000000004,0.001
2.5,0.001
2.6,0.001
2.7,0.001
2.8000000000000003,0.001
2.9000000000000004,0.001
3.0,0.001
3.1,0.001
3.2,0.001
3.3000000000000003,0.001
3.4000000000000004,0.001
3.5,0.001
3.6,0.001
3.7,0.001
3.8000000000000003,0.001
3.9000000000000004,0.001
4.0,0.001
4.1000000000000005,0.001
4.2,0.001
4.3,0.001
4.4,0.001
4.5,0.001
4.6000000000000005,0.001
4.7,0.001
4.800000000000001,0.001
4.9,0.001
5.0,0.001
5.1000000000000005,0.001
5.2,0.001
5.300000000000001,0.001
5.4,0.001
5.5,0.001
5.6000000000000005,0.001
5.7,0.001
5.800000000000001,0.001
5.9,0.001
6.0,0.001
6.1000000000000005,0.001
6.2,0.001
6.300000000000001,0.001
6.4,0.001
6.5,0.001
6.6000000000000005,0.001
6.7,0.001
6.800000000000001,0.001
6.9,0.001
7.0,0.001
7.1000000000000005,0.001
7.2,0.001
7.300000000000001,0.001
7.4,0.001
7.5,0.001
7.6000000000000005,0.001
7.7,0.001
7.800000000000001,0.001
7.9,0.001
8.0,0.001
8.1,0.001
8.200000000000001,0.001
8.3,0.001
8.4,0.001
8.5,0.001
8.6,0.001
8.700000000000001,0.001
8.8,0.001
8.9,0.001
9.0,0.001
9.1,0.0009998347107438017
9.200000000000001,0.0009993388429752066
9.3,0.0009985123966942148
9.4,0.0009973553719008264
9.5,0.0009958677685950415
9.600000000000001,0.0009940495867768596
9.700000000000001,0.000991900826446281
9.8,0.0009894214876033057
9.9,0.0009866115702479338
10.0,0.0009834710743801653
10.100000000000001,0.00098
10.200000000000001,0.000976198347107438
10.3,0.0009720661157024793
10.4,0.000967603305785124
10.5,0.0009628099173553719
10.600000000000001,0.0009576859504132231
10.700000000000001,0.0009522314049586777
10.8,0.0009464462809917356
10.9,0.0009403305785123967
11.0,0.0009338842975206612
11.100000000000001,0.0009271074380165289
11.200000000000001,0.0009199999999999999
11.3,0.0009125619834710743
11.4,0.000904793388429752
11.5,0.000896694214876033
11.600000000000001,0.0008882644628099173
11.700000000000001,0.0008795041322314049
11.8,0.0008704132231404958
11.9,0.0008609917355371902
12.0,0.0008512396694214877
12.100000000000001,0.0008411570247933883
12.200000000000001,0.0008307438016528924
12.3,0.00082
12.4,0.0008089256198347107
12.5,0.0007975206611570248
12.600000000000001,0.0007857851239669421
12.700000000000001,0.0007737190082644628
12.8,0.0007613223140495867
12.9,0.0007485950413223141
13.0,0.0007355371900826446
13.100000000000001,0.0007221487603305783
13.200000000000001,0.0007084297520661155
13.3,0.0006943801652892561
13.4,0.0006799999999999999
13.5,0.000665289256198347
13.600000000000001,0.0006502479338842972
13.700000000000001,0.0006348760330578511
13.8,0.0006191735537190081
13.9,0.0006031404958677686
14.0,0.0005867768595041323
14.100000000000001,0.0005700826446280989
14.200000000000001,0.0005530578512396693
14.3,0.000535702479338843
14.4,0.0005180165289256198
14.5,0.0005
14.600000000000001,0.0004819834710743799
14.700000000000001,0.00046429752066115684
14.8,0.0004469421487603305
14.9,0.0004299173553719008
15.0,0.00041322314049586776
15.100000000000001,0.0003968595041322312
15.200000000000001,0.0003808264462809916
15.3,0.0003651239669421486
15.4,0.0003497520661157024
15.5,0.00033471074380165297
15.600000000000001,0.0003199999999999998
15.700000000000001,0.0003056198347107437
15.8,0.00029157024793388425
15.9,0.00027785123966942143
16.0,0.0002644628099173554
16.1,0.0002514049586776858
16.2,0.0002386776859504133
16.3,0.00022628099173553713
16.400000000000002,0.00021421487603305765
16.5,0.0002024793388429752
16.6,0.0001910743801652891
16.7,0.00018000000000000007
16.8,0.00016925619834710738
16.900000000000002,0.00015884297520661137
17.0,0.00014876033057851238
17.1,0.0001390082644628098
17.2,0.00012958677685950425
17.3,0.00012049586776859498
17.400000000000002,0.00011173553719008246
17.5,0.00010330578512396694
17.6,9.520661157024784e-05
17.7,8.743801652892567e-05
17.8,7.999999999999995e-05
17.900000000000002,7.289256198347094e-05
18.0,6.611570247933885e-05
18.1,5.966942148760321e-05
18.2,5.35537190082645e-05
18.3,4.7768595041322274e-05
18.400000000000002,4.2314049586776744e-05
18.5,3.7190082644628094e-05
18.6,3.2396694214875966e-05
18.7,2.7933884297520692e-05
18.8,2.380165289256196e-05
18.900000000000002,1.9999999999999924e-05
19.0,1.652892561983471e-05
19.1,1.3388429752066074e-05
19.200000000000003,1.0578512396694142e-05
19.3,8.099173553718992e-06
19.400000000000002,5.950413223140453e-06
19.5,4.132231404958678e-06
19.6,2.6446280991735355e-06
19.700000000000003,1.487603305785096e-06
19.8,6.611570247933839e-07
19.900000000000002,1.652892561983401e-07
20.0,0.0
20.1,2.13196856061447e-05
20.200000000000003,1.7155444116180566e-05
20.3,1.6103398172295758e-05
20.400000000000002,1.664847123141282e-05
20.5,1.7193544290529866e-05
20.6,1.773861734964693e-05
20.700000000000003,1.8283690408763994e-05
20.8,2.1120166512100784e-05
20.900000000000002,2.7339322761584742e-05
21.0,3.355847901106848e-05
21.1,3.9777635260552436e-05
21.200000000000003,4.599679151003639e-05
21.3,5.498206765387932e-05
21.400000000000002,6.537738067867435e-05
21.5,7.577269370346901e-05
21.6,8.616800672826404e-05
21.700000000000003,9.656331975305906e-05
21.8,0.00010723157136621187
21.900000000000002,0.00011830007409051615
22.0,0.00012936857681482004
22.1,0.00014043707953912432
22.200000000000003,0.00015150558226342863
22.3,0.00016254089928095013
22.400000000000002,0.000173559412486199
22.5,0.00018457792569144746
22.6,0.00019559643889669633
22.700000000000003,0.0002066149521019452
22.8,0.00025180745505342647
22.900000000000002,0.00034678233598731237
23.0,0.00044175721692119485
23.1,0.0005367320978550808
23.200000000000003,0.0006317069787889667
23.3,0.0008763076638121437
23.400000000000002,0.001196169262259116
23.5,0.0015160308607060774
23.6,0.0018358924591530498
23.700000000000003,0.002155754057600022
23.8,0.0030200746317119265
23.900000000000002,0.004672278221982343
24.0,0.006324481812252702
24.1,0.007976685402523118
24.200000000000003,0.009628888992793535
24.3,0.012864233963512224
24.400000000000002,0.01689061934902317
24.5,0.02091700473453397
24.6,0.02494339012004492
24.700000000000003,0.02896977550555587
24.8,0.034949190899340725
24.900000000000002,0.043736149711453474
25.0,0.052523108523565926
25.1,0.06131006733567868
25.200000000000003,0.07009702614779144
25.3,0.08304968815971644
25.400000000000002,0.09807008023297724
25.5,0.1130904723062375
25.6,0.1281108643794983
25.700000000000003,0.1431312564527591
25.8,0.1595888232731475
25.900000000000002,0.17809874558323668
26.0,0.19660866789332523
26.1,0.21511859020341442
26.200000000000003,0.23362851251350364
26.3,0.2532806260919889
26.400000000000002,0.2734959651695925
26.5,0.29371130424719544
26.6,0.31392664332479914
26.700000000000003,0.3341419824024028
26.8,0.35454043109599376
26.900000000000002,0.3751986468987567
27.0,0.395856862701519
27.1,0.41651507850428204
27.200000000000003,0.437173294307045
27.3,0.4576816812475397
27.400000000000002,0.4781166693480951
27.5,0.49855165744864977
27.6,0.5189866455492052
27.700000000000003,0.5394216336497604
27.8,0.5599584988571765
27.900000000000002,0.5806389408651683
28.0,0.6013193828731591
28.1,0.6219998248811506
28.200000000000003,0.6426802668891424
28.3,0.663322394352325
28.400000000000002,0.6839458743066557
28.5,0.7045693542609854
28.6,0.725192834215316
28.700000000000003,0.7458163141696467
28.8,0.7660900118377287
28.900000000000002,0.7858739928117056
29.0,0.8056579737856815
29.1,0.8254419547596583
29.200000000000003,0.845225935733635
29.3,0.8624095357230757
29.400000000000002,0.8783357407769314
29.5,0.8942619458307868
29.6,0.9101881508846424
29.700000000000003,0.9261143559384984
29.8,0.9391562251577666
29.900000000000002,0.9481863131627101
30.0,0.957216401167653
30.1,0.9662464891725964
30.200000000000003,0.9752765771775397
30.3,0.9805851622616254
30.400000000000002,0.9841058368620278
30.5,0.9876265114624303
30.6,0.9911471860628329
30.700000000000003,0.9946678606632353
30.8,0.9972811318873998
30.900000000000002,0.9986405659436998
31.0,1.0
31.1,1.0
31.200000000000003,1.0
31.3,1.0
31.400000000000002,1.0
31.5,1.0
31.6,1.0
31.700000000000003,1.0
31.8,1.0
31.900000000000002,1.0
32.0,1.0
32.1,1.0
32.2,1.0
32.300000000000004,1.0
32.4,1.0
32.5,1.0
32.6,1.0
32.7,1.0
32.800000000000004,1.0
32.9,1.0
33.0,1.0
33.1,1.0
33.2,1.0
33.300000000000004,1.0
33.4,1.0
33.5,1.0
33.6,1.0
33.7,1.0
33.800000000000004,1.0
33.9,1.0
34.0,1.0
34.1,1.0
34.2,1.0
34.300000000000004,1.0
34.4,1.0
34.5,1.0
34.6,1.0
34.7,1.0
34.800000000000004,1.0
34.9,1.0
35.0,1.0
35.1,1.0
35.2,1.0
35.300000000000004,1.0
35.4,1.0
35.5,1.0
35.6,1.0
35.7,1.0
35.800000000000004,1.0
35.9,1.0
36.0,1.0
36.1,1.0
36.2,1.0
36.300000000000004,1.0
36.4,1.0
36.5,1.0
36.6,1.0
36.7,1.0
36.800000000000004,1.0
36.9,1.0
37.0,1.0
37.1,1.0
37.2,1.0
37.300000000000004,1.0
37.4,1.0
37.5,1.0
37.6,1.0
37.7,1.0
37.800000000000004,1.0
37.9,1.0
38.0,1.0
38.1,1.0
38.2,1.0
38.300000000000004,1.0
38.400000000000006,1.0
38.5,1.0
38.6,1.0
38.7,1.0
38.800000000000004,1.0
38.900000000000006,1.0
39.0,1.0
39.1,1.0
39.2,1.0
39.300000000000004,1.0
39.400000000000006,1.0
39.5,1.0
39.6,1.0
39.7,1.0
39.800000000000004,1.0
39.900000000000006,1.0
40.0,1.0
40.1,1.0
40.2,1.0
40.300000000000004,1.0
40.400000000000006,1.0
40.5,1.0
40.6,1.0
40.7,1.0
40.800000000000004,1.0
40.900000000000006,1.0
41.0,1.0
41.1,1.0
41.2,1.0
41.300000000000004,1.0
41.400000000000006,1.0
41.5,1.0
41.6,1.0
41.7,1.0
41.800000000000004,1.0
41.900000000000006,1.0
42.0,1.0
42.1,1.0
42.2,1.0
42.300000000000004,1.0
42.400000000000006,1.0
42.5,1.0
42.6,1.0
42.7,1.0
42.800000000000004,1.0
42.900000000000006,1.0
43.0,1.0
43.1,1.0
43.2,1.0
43.300000000000004,1.0
43.400000000000006,1.0
43.5,1.0
43.6,1.0
43.7,1.0
43.800000000000004,1.0
43.900000000000006,1.0
44.0,1.0
44.1,1.0
44.2,1.0
44.300000000000004,1.0
44.400000000000006,1.0
44.5,1.0
44.6,1.0
44.7,1.0
44.800000000000004,1.0
44.900000000000006,1.0
45.0,1.0
45.1,1.0
45.2,1.0
45.300000000000004,1.0
45.400000000000006,1.0
45.5,1.0
45.6,1.0
45.7,1.0
45.800000000000004,1.0
45.900000000000006,1.0
46.0,1.0
46.1,1.0
46.2,1.0
46.300000000000004,1.0
46.400000000000006,1.0
46.5,1.0
46.6,1.0
46.7,1.0
46.800000000000004,1.0
46.900000000000006,1.0
47.0,1.0
47.1,1.0
47.2,1.0
47.300000000000004,1.0
47.400000000000006,1.0
47.5,1.0
47.6,1.0
47.7,1.0
47.800000000000004,1.0
47.900000000000006,1.0
48.0,1.0
48.1,1.0
48.2,1.0
48.300000000000004,1.0
48.400000000000006,1.0
48.5,1.0
48.6,1.0
48.7,1.0
48.800000000000004,1.0
48.900000000000006,1.0
49.0,1.0
49.1,1.0
49.2,1.0
49.300000000000004,1.0
49.400000000000006,1.0
49.5,1.0
49.6,1.0
49.7,1.0
49.800000000000004,1.0
49.900000000000006,1.0
50.0,1.0
50.1,1.0
50.2,1.0
50.300000000000004,1.0
50.400000000000006,1.0
50.5,1.0
50.6,1.0
50.7,1.0
50.800000000000004,1.0
50.900000000000006,1.0
51.0,1.0
51.1,1.0
51.2,1.0
51.300000000000004,1.0
51.400000000000006,1.0
51.5,1.0
51.6,1.0
51.7,1.0
51.800000000000004,1.0
51.900000000000006,1.0
52.0,1.0
52.1,1.0
52.2,1.0
52.300000000000004,1.0
52.400000000000006,1.0
52.5,1.0
52.6,1.0
52.7,1.0
52.800000000000004,1.0
52.900000000000006,1.0
53.0,1.0
53.1,1.0
53.2,1.0
53.300000000000004,1.0
53.400000000000006,1.0
53.5,1.0
53.6,1.0
53.7,1.0
53.800000000000004,1.0
53.900000000000006,1.0
54.0,1.0
54.1,1.0
54.2,1.0
54.300000000000004,1.0
54.400000000000006,1.0
54.5,1.0
54.6,1.0
54.7,1.0
54.800000000000004,1.0
54.900000000000006,1.0
55.0,1.0
55.1,1.0
55.2,1.0
55.300000000000004,1.0
55.400000000000006,1.0
55.5,1.0
55.6,1.0
55.7,1.0
55.800000000000004,1.0
55.900000000000006,1.0
56.0,1.0
56.1,1.0
56.2,1.0
56.300000000000004,1.0
56.400000000000006,1.0
56.5,1.0
56.6,1.0
56.7,1.0
56.800000000000004,1.0
56.900000000000006,1.0
57.0,1.0
57.1,1.0
57.2,1.0
57.300000000000004,1.0
57.400000000000006,1.0
57.5,1.0
57.6,1.0
57.7,1.0
57.800000000000004,1.0
57.900000000000006,1.0
58.0,1.0
58.1,1.0
58.2,1.0
58.300000000000004,1.0
58.400000000000006,1.0
58.5,1.0
58.6,1.0
58.7,1.0
58.800000000000004,1.0
58.900000000000006,1.0
59.0,1.0
59.1,1.0
59.2,1.0
59.300000000000004,1.0
59.400000000000006,1.0
59.5,1.0
59.6,1.0
59.7,1.0
59.800000000000004,1.0
59.900000000000006,1.0
60.0,1.0
60.1,1.0
60.2,1.0
60.300000000000004,1.0
60.400000000000006,1.0
60.5,1.0
60.6,1.0
60.7,1.0
60.800000000000004,1.0
60.900000000000006,1.0
61.0,1.0
61.1,1.0
61.2,1.0
61.300000000000004,1.0
61.400000000000006,1.0
61.5,1.0
61.6,1.0
61.7,1.0
61.800000000000004,1.0
61.900000000000006,1.0
62.0,1.0
62.1,1.0
62.2,1.0
62.300000000000004,1.0
62.400000000000006,1.0
62.5,1.0
62.6,1.0
62.7,1.0
62.800000000000004,1.0
62.900000000000006,1.0
63.0,1.0
63.1,1.0
63.2,1.0
63.300000000000004,1.0
63.400000000000006,1.0
63.5,1.0
63.6,1.0
63.7,1.0
63.800000000000004,1.0
63.900000000000006,1.0
64.0,1.0
64.10000000000001,1.0
64.2,1.0
64.3,1.0
64.4,1.0
64.5,1.0
64.60000000000001,1.0
64.7,1.0
64.8,1.0
64.9,1.0
65.0,1.0
65.10000000000001,1.0
65.2,1.0
65.3,1.0
65.4,1.0
65.5,1.0
65.60000000000001,1.0
65.7,1.0
65.8,1.0
65.9,1.0
66.0,1.0
66.10000000000001,1.0
66.2,1.0
66.3,1.0
66.4,1.0
66.5,1.0
66.60000000000001,1.0
66.7,1.0
66.8,1.0
66.9,1.0
67.0,1.0
67.10000000000001,1.0
67.2,1.0
67.3,1.0
67.4,1.0
67.5,1.0
67.60000000000001,1.0
67.7,1.0
67.8,1.0
67.9,1.0
68.0,1.0
68.10000000000001,1.0
68.2,1.0
68.3,1.0
68.4,1.0
68.5,1.0
68.60000000000001,1.0
68.7,1.0
68.8,1.0
68.9,1.0
69.0,1.0
69.10000000000001,1.0
69.2,1.0
69.3,1.0
69.4,1.0
69.5,1.0
69.60000000000001,1.0
69.7,1.0
69.8,1.0
69.9,1.0
70.0,1.0
70.10000000000001,1.0
70.2,1.0
70.3,1.0
70.4,1.0
70.5,1.0
70.60000000000001,1.0
70.7,1.0
70.8,1.0
70.9,1.0
71.0,1.0
71.10000000000001,1.0
71.2,1.0
71.3,1.0
71.4,1.0
71.5,1.0
71.60000000000001,1.0
71.7,1.0
71.8,1.0
71.9,1.0
72.0,1.0
72.10000000000001,1.0
72.2,1.0
72.3,1.0
72.4,1.0
72.5,1.0
72.60000000000001,1.0
72.7,1.0
72.8,1.0
72.9,1.0
73.0,1.0
73.10000000000001,1.0
73.2,1.0
73.3,1.0
73.4,1.0
73.5,1.0
73.60000000000001,1.0
73.7,1.0
73.8,1.0
73.9,1.0
74.0,1.0
74.10000000000001,1.0
74.2,1.0
74.3,1.0
74.4,1.0
74.5,1.0
74.60000000000001,1.0
74.7,1.0
74.8,1.0
74.9,1.0
75.0,1.0
75.10000000000001,1.0
75.2,1.0
75.3,1.0
75.4,1.0
75.5,1.0
75.60000000000001,1.0
75.7,1.0
75.8,1.0
75.9,1.0
76.0,1.0
76.10000000000001,1.0
76.2,1.0
76.3,1.0
76.4,1.0
76.5,1.0
76.60000000000001,1.0
76.7,1.0
76.80000000000001,1.0
76.9,1.0
77.0,1.0
77.10000000000001,1.0
77.2,1.0
77.30000000000001,1.0
77.4,1.0
77.5,1.0
77.60000000000001,1.0
77.7,1.0
77.80000000000001,1.0
77.9,1.0
78.0,1.0
78.10000000000001,1.0
78.2,1.0
78.30000000000001,1.0
78.4,1.0
78.5,1.0
78.60000000000001,1.0
78.7,1.0
78.80000000000001,1.0
78.9,1.0
79.0,1.0
79.10000000000001,1.0
79.2,1.0
79.30000000000001,1.0
79.4,1.0
79.5,1.0
79.60000000000001,1.0
79.7,1.0
79.80000000000001,1.0
79.9,1.0
80.0,1.0
80.10000000000001,1.0
80.2,1.0
80.30000000000001,1.0
80.4,1.0
80.5,1.0
80.60000000000001,1.0
80.7,1.0
80.80000000000001,1.0
80.9,1.0
81.0,1.0
81.10000000000001,1.0
81.2,1.0
81.30000000000001,1.0
81.4,1.0
81.5,1.0
81.60000000000001,1.0
81.7,1.0
81.80000000000001,1.0
81.9,1.0
82.0,1.0
82.10000000000001,1.0
82.2,1.0
82.30000000000001,1.0
82.4,1.0
82.5,1.0
82.60000000000001,1.0
82.7,1.0
82.80000000000001,1.0
82.9,1.0
83.0,1.0
83.10000000000001,1.0
83.2,1.0
83.30000000000001,1.0
83.4,1.0
83.5,1.0
83.60000000000001,1.0
83.7,1.0
83.80000000000001,1.0
83.9,1.0
84.0,1.0
84.10000000000001,1.0
84.2,1.0
84.30000000000001,1.0
84.4,1.0
84.5,1.0
84.60000000000001,1.0
84.7,1.0
84.80000000000001,1.0
84.9,1.0
85.0,1.0
85.10000000000001,1.0
85.2,1.0
85.30000000000001,1.0
85.4,1.0
85.5,1.0
85.60000000000001,1.0
85.7,1.0
85.80000000000001,1.0
85.9,1.0
86.0,1.0
86.10000000000001,1.0
86.2,1.0
86.30000000000001,1.0
86.4,1.0
86.5,1.0
86.60000000000001,1.0
86.7,1.0
86.80000000000001,1.0
86.9,1.0
87.0,1.0
87.10000000000001,1.0
87.2,1.0
87.30000000000001,1.0
87.4,1.0
87.5,1.0
87.60000000000001,1.0
87.7,1.0
87.80000000000001,1.0
87.9,1.0
88.0,1.0
88.10000000000001,1.0
88.2,1.0
88.30000000000001,1.0
88.4,1.0
88.5,1.0
88.60000000000001,1.0
88.7,1.0
88.80000000000001,1.0
88.9,1.0
89.0,1.0
89.10000000000001,1.0
89.2,1.0
89.30000000000001,1.0
89.4,1.0
89.5,1.0
89.60000000000001,1.0
89.7,1.0
89.80000000000001,1.0
89.9,1.0
90.0,1.0
90.10000000000001,1.0
90.2,1.0
90.30000000000001,1.0
90.4,1.0
90.5,1.0
90.60000000000001,1.0
90.7,1.0
90.80000000000001,1.0
90.9,1.0
91.0,1.0
91.10000000000001,1.0
91.2,1.0
91.30000000000001,1.0
91.4,1.0
91.5,1.0
91.60000000000001,1.0
91.7,1.0
91.80000000000001,1.0
91.9,1.0
92.0,1.0
92.10000000000001,1.0
92.2,1.0
92.30000000000001,1.0
92.4,1.0
92.5,1.0
92.60000000000001,1.0
92.7,1.0
92.80000000000001,1.0
92.9,1.0
93.0,1.0
93.10000000000001,1.0
93.2,1.0
93.30000000000001,1.0
93.4,1.0
93.5,1.0
93.60000000000001,1.0
93.7,1.0
93.80000000000001,1.0
93.9,1.0
94.0,1.0
94.10000000000001,1.0
94.2,1.0
94.30000000000001,1.0
94.4,1.0
94.5,1.0
94.60000000000001,1.0
94.7,1.0
94.80000000000001,1.0
94.9,1.0
95.0,1.0
95.10000000000001,1.0
95.2,1.0
95.30000000000001,1.0
95.4,1.0
95.5,1.0
95.60000000000001,1.0
95.7,1.0
95.80000000000001,1.0
95.9,1.0
96.0,1.0
96.10000000000001,1.0
96.2,1.0
96.30000000000001,1.0
96.4,1.0
96.5,1.0
96.60000000000001,1.0
96.7,1.0
96.80000000000001,1.0
96.9,1.0
97.0,1.0
97.10000000000001,1.0
97.2,1.0
97.30000000000001,1.0
97.4,1.0
97.5,1.0
97.60000000000001,1.0
97.7,1.0
97.80000000000001,1.0
97.9,1.0
98.0,1.0
98.10000000000001,1.0
98.2,1.0
98.30000000000001,1.0
98.4,1.0
98.5,1.0
98.60000000000001,1.0
98.7,1.0
98.80000000000001,1.0
98.9,1.0
99.0,1.0
99.10000000000001,1.0
99.2,1.0
99.30000000000001,1.0
99.4,1.0
99.5,1.0
99.60000000000001,1.0
99.7,1.0
99.80000000000001,1.0
99.9,1.0
100.0,1.0
100.10000000000001,1.0
100.2,1.0
100.30000000000001,1.0
100.4,1.0
100.5,1.0
100.60000000000001,1.0
100.7,1.0
100.80000000000001,1.0
100.9,1.0
101.0,1.0
101.10000000000001,1.0
101.2,1.0
101.30000000000001,1.0
101.4,1.0
101.5,1.0
101.60000000000001,1.0
101.7,1.0
101.80000000000001,1.0
101.9,1.0
102.0,1.0
102.10000000000001,1.0
102.2,1.0
102.30000000000001,1.0
102.4,1.0
102.5,1.0
102.60000000000001,1.0
102.7,1.0
102.80000000000001,1.0
102.9,1.0
103.0,1.0
103.10000000000001,1.0
103.2,1.0
103.30000000000001,1.0
103.4,1.0
103.5,1.0
103.60000000000001,1.0
103.7,1.0
103.80000000000001,1.0
103.9,1.0
104.0,1.0
104.10000000000001,1.0
104.2,1.0
104.30000000000001,1.0
104.4,1.0
104.5,1.0
104.60000000000001,1.0
104.7,1.0
104.80000000000001,1.0
104.9,1.0
105.0,1.0
105.10000000000001,1.0
105.2,1.0
105.30000000000001,1.0
105.4,1.0
105.5,1.0
105.60000000000001,1.0
105.7,1.0
105.80000000000001,1.0
105.9,1.0
106.0,1.0
106.10000000000001,1.0
106.2,1.0
106.30000000000001,1.0
106.4,1.0
106.5,1.0
106.60000000000001,1.0
106.7,1.0
106.80000000000001,1.0
106.9,1.0
107.0,1.0
107.10000000000001,1.0
107.2,1.0
107.30000000000001,1.0
107.4,1.0
107.5,1.0
107.60000000000001,1.0
107.7,1.0
107.80000000000001,1.0
107.9,1.0
108.0,1.0
108.10000000000001,1.0
108.2,1.0
108.30000000000001,1.0
108.4,1.0
108.5,1.0
108.60000000000001,1.0
108.7,1.0
108.80000000000001,1.0
108.9,1.0
109.0,1.0
109.10000000000001,1.0
109.2,1.0
109.30000000000001,1.0
109.4,1.0
109.5,1.0
109.60000000000001,1.0
109.7,1.0
109.80000000000001,1.0
109.9,1.0
110.0,1.0
110.10000000000001,1.0
110.2,1.0
110.30000000000001,1.0
110.4,1.0
110.5,1.0
110.60000000000001,1.0
110.7,1.0
110.80000000000001,1.0
110.9,1.0
111.0,1.0
111.10000000000001,1.0
111.2,1.0
111.30000000000001,1.0
111.4,1.0
111.5,1.0
111.60000000000001,1.0
111.7,1.0
111.80000000000001,1.0
111.9,1.0
112.0,1.0
112.10000000000001,1.0
112.2,1.0
112.30000000000001,1.0
112.4,1.0
112.5,1.0
112.60000000000001,1.0
112.7,1.0
112.80000000000001,1.0
112.9,1.0
113.0,1.0
113.10000000000001,1.0
113.2,1.0
113.30000000000001,1.0
113.4,1.0
113.5,1.0
113.60000000000001,1.0
113.7,1.0
113.80000000000001,1.0
113.9,1.0
114.0,1.0
114.10000000000001,1.0
114.2,1.0
114.30000000000001,1.0
114.4,1.0
114.5,1.0
114.60000000000001,1.0
114.7,1.0
114.80000000000001,1.0
114.9,1.0
115.0,1.0
115.10000000000001,1.0007976867908548
115.2,1.0015953735817094
115.30000000000001,1.0024579015147337
115.4,1.003348423405998
115.5,1.0042389452972622
115.60000000000001,1.0051294671885267
115.7,1.0060199890797912
115.80000000000001,1.0067358582850192
115.9,1.0072900298681475
116.0,1.0078442014512756
116.10000000000001,1.008398373034404
116.2,1.0089525446175323
116.30000000000001,1.0094995334167578
116.4,1.0100434005110372
116.5,1.0105872676053167
116.60000000000001,1.0111311346995961
116.7,1.0116750017938756
116.80000000000001,1.0123733098764054
116.9,1.0132145253519702
117.0,1.014055740827535
117.10000000000001,1.0148969563031
117.2,1.015738171778665
117.30000000000001,1.0167765454836024
117.4,1.017901192416068
117.5,1.0190258393485332
117.60000000000001,1.0201504862809987
117.7,1.0212751332134642
117.80000000000001,1.0224764483042077
117.9,1.023748678770488
118.0,1.0250209092367681
118.10000000000001,1.0262931397030484
118.2,1.0275653701693284
118.30000000000001,1.0287943655058849
118.4,1.0300043090779907
118.5,1.0312142526500965
118.60000000000001,1.0324241962222023
118.7,1.0336341397943085
118.80000000000001,1.0346598922590842
118.9,1.035515312231327
119.0,1.0363707322035698
119.10000000000001,1.0372261521758128
119.2,1.0380815721480552
119.30000000000001,1.038715959083474
119.4,1.0392522465565863
119.5,1.0397885340296982
119.60000000000001,1.0403248215028105
119.7,1.0408611089759228
119.80000000000001,1.0415152277445088
119.9,1.0422783057041407
120.0,1.0430413836637729
120.10000000000001,1.0438044616234048
120.2,1.0445675395830367
120.30000000000001,1.0458696675328334
120.4,1.0474127980196233
120.5,1.0489559285064134
120.60000000000001,1.0504990589932033
120.7,1.0520421894799934
120.80000000000001,1.0537790526824504
120.9,1.0556950804537704
121.0,1.05761110822509
121.10000000000001,1.0595271359964102
121.2,1.0614431637677302
121.30000000000001,1.063111805992534
121.4,1.0646690134884267
121.5,1.0662262209843194
121.60000000000001,1.067783428480212
121.7,1.0693406359761046
121.80000000000001,1.0707142475732032
121.9,1.0719180229635081
122.0,1.0731217983538133
122.10000000000001,1.0743255737441182
122.2,1.0755293491344233
122.30000000000001,1.0771100252182857
122.4,1.07886177991781
122.5,1.0806135346173344
122.60000000000001,1.0823652893168587
122.7,1.084117044016383
122.80000000000001,1.086232911735901
122.9,1.088685751948686
123.0,1.0911385921614711
123.10000000000001,1.0935914323742564
123.2,1.0960442725870416
123.30000000000001,1.098370247218114
123.4,1.100638185195931
123.5,1.1029061231737485
123.60000000000001,1.1051740611515664
123.7,1.1074419991293836
123.80000000000001,1.1091899108755119
123.9,1.1104562655292318
124.0,1.1117226201829524
124.10000000000001,1.1129889748366728
124.2,1.114255329490393
124.30000000000001,1.1154696041194707
124.4,1.1166598636173275
124.5,1.1178501231151843
124.60000000000001,1.119040382613041
124.7,1.1202306421108978
124.80000000000001,1.121906352966488
124.9,1.1240319539042394
125.0,1.1261575548419904
125.10000000000001,1.128283155779742
125.2,1.1304087567174932
125.30000000000001,1.13251704226097
125.4,1.134617278374295
125.5,1.1367175144876196
125.60000000000001,1.1388177506009447
125.7,1.1409179867142696
125.80000000000001,1.1426772961060614
125.9,1.1441203527754098
126.0,1.1455634094447582
126.10000000000001,1.1470064661141066
126.2,1.1484495227834548
126.30000000000001,1.1497932870438308
126.4,1.1510905109468395
126.5,1.1523877348498481
126.60000000000001,1.1536849587528568
126.7,1.1549821826558655
126.80000000000001,1.156186042753606
126.9,1.1573031988539428
127.0,1.1584203549542798
127.10000000000001,1.1595375110546169
127.2,1.160654667154954
127.30000000000001,1.1618186142907654
127.4,1.163004677976078
127.5,1.1641907416613912
127.60000000000001,1.1653768053467042
127.7,1.1665628690320173
127.80000000000001,1.1678062713973847
127.9,1.1691029913931434
128.0,1.1703997113889018
128.1,1.1716964313846603
128.20000000000002,1.172993151380419
128.3,1.1738140238401553
128.4,1.174408055126829
128.5,1.1750020864135027
128.6,1.1755961177001764
128.70000000000002,1.1761901489868503
128.8,1.1764541031325852
128.9,1.1764106764560476
129.0,1.17636724977951
129.1,1.1763238231029725
129.20000000000002,1.1762803964264346
129.3,1.1762319210705894
129.4,1.1761810180561034
129.5,1.1761301150416172
129.6,1.1760792120271308
129.70000000000002,1.1760283090126444
129.8,1.1755273948275569
129.9,1.1746067228997197
130.0,1.1736860509718823
130.1,1.172765379044045
130.20000000000002,1.1718447071162075
130.3,1.1699700808707156
130.4,1.167632703236088
130.5,1.1652953256014607
130.6,1.1629579479668333
130.70000000000002,1.1606205703322052
130.8,1.1578201752010355
130.9,1.154587103726931
131.0,1.1513540322528268
131.1,1.1481209607787226
131.20000000000002,1.144887889304617
131.3,1.1404159710669988
131.4,1.1353377344967863
131.5,1.1302594979265737
131.6,1.125181261356361
131.70000000000002,1.1201030247861472
131.8,1.1146444086940936
131.9,1.1088296288823518
132.0,1.1030148490706102
132.1,1.0972000692588684
132.20000000000002,1.0913852894471252
132.3,1.0847592364046723
132.4,1.0777325344915354
132.5,1.0707058325783982
132.6,1.0636791306652613
132.70000000000002,1.0566524287521222
132.8,1.0489403936263584
132.9,1.040585259524801
133.0,1.0322301254232438
133.1,1.0238749913216867
133.20000000000002,1.015519857220127
133.3,1.0065506173458219
133.4,0.9972753204167509
133.5,0.9880000234876797
133.6,0.9787247265586084
133.70000000000002,0.9694494296295347
133.8,0.9599338840713549
133.9,0.9501923651234013
134.0,0.9404508461754479
134.1,0.9307093272274944
134.20000000000002,0.9209678082795383
134.3,0.9111005449158391
134.4,0.90117003204095
134.5,0.8912395191660609
134.6,0.8813090062911719
134.70000000000002,0.8713784934162799
134.8,0.8614065622618554
134.9,0.8513955752873423
135.0,0.8413845883128293
135.1,0.8313736013383163
135.20000000000002,0.8213626143638002
135.3,0.8112113428392579
135.4,0.800988846323302
135.5,0.7907663498073463
135.6,0.7805438532913903
135.70000000000002,0.7703213567754317
135.8,0.7597565408877502
135.9,0.7488680571432493
136.0,0.7379795733987488
136.1,0.727091089654248
136.20000000000002,0.7162026059097443
136.3,0.7055743732650624
136.4,0.6950795271876156
136.5,0.6845846811101688
136.6,0.6740898350327219
136.70000000000002,0.663594988955272
136.8,0.6531332870481292
136.9,0.6427030138644831
137.0,0.6322727406808369
137.1,0.6218424674971909
137.20000000000002,0.6114121943135418
137.3,0.600873770411393
137.4,0.5902793853416893
137.5,0.5796850002719859
137.6,0.5690906152022823
137.70000000000002,0.5584962301325755
137.8,0.5481475897964875
137.9,0.5380326891202258
138.0,0.5279177884439642
138.1,0.5178028877677027
138.20000000000002,0.5076879870914381
138.3,0.4977474063295554
138.4,0.48789789677109036
138.5,0.4780483872126253
138.6,0.46819887765416035
138.70000000000002,0.45834936809569254
138.8,0.44861341572270247
138.9,0.43898582321675605
139.0,0.42935823071080975
139.1,0.41973063820486345
139.20000000000002,0.41010304569891437
139.3,0.4009162674006566
139.4,0.3919620320879335
139.5,0.38300779677521046
139.6,0.3740535614624874
139.70000000000002,0.3650993261497618
139.8,0.3563033300376369
139.9,0.3476588471524414
140.0,0.3390143642672458
140.1,0.33036988138205026
140.20000000000002,0.3217253984968522
140.3,0.31324195670165955
140.4,0.3048443041460193
140.5,0.29644665159037914
140.6,0.2880489990347389
140.70000000000002,0.2796513464790963
140.8,0.2714597368131282
140.9,0.2634661218449134
141.0,0.2554725068766987
141.1,0.24747889190848396
141.20000000000002,0.23948527694026692
141.3,0.2317758432936949
141.4,0.22421929749242478
141.5,0.21666275169115468
141.6,0.20910620588988457
141.70000000000002,0.20154966008861228
141.8,0.1941626534542412
141.9,0.1869391785734333
142.0,0.1797157036926254
142.1,0.17249222881181747
142.20000000000002,0.16526875393100754
142.3,0.15861641326504847
142.4,0.1522744054611404
142.5,0.1459323976572323
142.6,0.1395903898533242
142.70000000000002,0.13324838204941433
142.8,0.12733781846989656
142.9,0.12184505569389897
143.0,0.11635229291790139
143.1,0.11085953014190382
143.20000000000002,0.10536676736590467
143.3,0.10019942957735295
143.4,0.09521069179737113
143.5,0.09022195401738932
143.6,0.08523321623740751
143.70000000000002,0.08024447845742429
143.8,0.0756013121205322
143.9,0.07129417048133423
144.0,0.06698702884213625
144.1,0.06267988720293828
144.20000000000002,0.05837274556373909
144.3,0.0545439979128096
144.4,0.050980456723916705
144.5,0.0474169155350238
144.6,0.04385337434613091
144.70000000000002,0.04028983315723699
144.8,0.037072507241130224
144.9,0.034193280560863355
145.0,0.03131405388059648
145.1,0.028434827200329606
145.20000000000002,0.02555560052006192
145.3,0.023110497361643844
145.4,0.020908505044119795
145.5,0.018706512726595743
145.6,0.01650452040907169
145.70000000000002,0.014302528091547015
145.8,0.012504654422999868
145.9,0.011103192942441558
146.0,0.009701731461883252
146.1,0.008300269981324942
146.20000000000002,0.006898808500766234
146.3,0.005924113370642026
146.4,0.005190851222742686
146.5,0.004457589074843347
146.6,0.0037243269269440073
146.70000000000002,0.002991064779044459
146.8,0.0024467810853893634
146.9,0.0020887342650477685
147.0,0.0017306874447061734
147.1,0.0013726406243645785
147.20000000000002,0.001014593804022882
147.3,0.0008213385797379152
147.4,0.0007222674813498132
147.5,0.0006231963829617109
147.6,0.0005241252845736087
147.70000000000002,0.00042505418618547834
147.8,0.0003590157890967959
147.9,0.0003256879116241056
148.0,0.00029236003415141534
148.1,0.000259032156678725
148.20000000000002,0.0002257042792060252
148.3,0.00021056298599550401
148.4,0.00020592313177849195
148.5,0.0002012832775614799
148.6,0.00019664342334446783
148.70000000000002,0.00019200356912745447
148.8,0.0001901134320369485
148.9,0.000190959795685505
149.0,0.00019180615933406147
149.1,0.0001926525229826179
149.20000000000002,0.00019349888663117458
149.3,0.00018922417992533417
149.4,0.00018196181956909978
149.5,0.00017469945921286535
149.6,0.00016743709885663093
149.70000000000002,0.00016017473850039445
149.8,0.00015095418543614806
149.9,0.00013977478370130473
150.0,0.0001285953819664614
150.1,0.00011741598023161806
150.20000000000002,0.00010623657849677154
150.3,9.6933943899166e-05
150.4,8.873759310610987e-05
150.5,8.054124231305374e-05
150.6,7.234489151999763e-05
150.70000000000002,6.414854072693917e-05
150.8,5.9919177483864425e-05
150.9,5.967930396114469e-05
151.0,5.943943043842495e-05
151.1,5.919955691570521e-05
151.20000000000002,5.8959683392985406e-05
151.3,6.07102306530022e-05
151.4,6.364627520405298e-05
151.5,6.658231975510378e-05
151.6,6.951836430615455e-05
151.70000000000002,7.245440885720617e-05
151.8,7.474577293704894e-05
151.9,7.638523153367565e-05
152.0,7.802469013030239e-05
152.1,7.966414872692912e-05
152.20000000000002,8.13036073235563e-05
152.3,8.20825621994989e-05
152.4,8.234364940185913e-05
152.5,8.260473660421936e-05
152.6,8.28658238065796e-05
152.70000000000002,8.31269110089399e-05
152.8,8.05911986249734e-05
152.9,7.521130685838142e-05
153.0,6.983141509178943e-05
153.1,6.445152332519745e-05
153.20000000000002,5.907163155860394e-05
153.3,5.363886221142155e-05
153.4,4.817393724150152e-05
153.5,4.2709012271581463e-05
153.60000000000002,3.724408730165986e-05
153.70000000000002,3.177916233173981e-05
153.8,2.9071168489722594e-05
153.9,2.918316943053066e-05
154.0,2.9295170371338724e-05
154.10000000000002,2.9407171312146816e-05
154.20000000000002,2.951917225295488e-05
154.3,3.095693251821897e-05
154.4,3.320935261975359e-05
154.5,3.54617727212882e-05
154.60000000000002,3.7714192822823455e-05
154.70000000000002,3.996661292435808e-05
154.8,4.214081855980321e-05
154.9,4.423454071670741e-05
155.0,4.632826287361159e-05
155.10000000000002,4.842198503051638e-05
155.20000000000002,5.051570718742057e-05
155.3,5.1692333348963944e-05
155.4,5.229950674552325e-05
155.5,5.290668014208257e-05
155.60000000000002,5.351385353864205e-05
155.70000000000002,5.4121026935201356e-05
155.8,5.314492337081469e-05
155.9,5.0529575930655716e-05
156.0,4.791422849049673e-05
156.10000000000002,4.5298881050337016e-05
156.20000000000002,4.268353361017804e-05
156.3,4.251764510421259e-05
156.4,4.388866315660524e-05
156.5,4.5259681208997896e-05
156.60000000000002,4.663069926139094e-05
156.70000000000002,4.80017173137836e-05
156.8,4.952029113023029e-05
156.9,5.1192602103562735e-05
157.0,5.286491307689519e-05
157.10000000000002,5.4537224050228114e-05
157.20000000000002,5.620953502356057e-05
157.3,5.3924181731246365e-05
157.4,4.91295328474234e-05
157.5,4.433488396360043e-05
157.60000000000002,3.9540235079776104e-05
157.70000000000002,3.4745586195953134e-05
157.8,3.074523855909393e-05
157.9,2.757782768640005e-05
158.0,2.441041681370617e-05
158.10000000000002,2.1243005941011392e-05
158.20000000000002,1.807559506831751e-05
158.3,1.741909033708673e-05
158.4,1.837129723518515e-05
158.5,1.9323504133283565e-05
158.60000000000002,2.0275711031382255e-05
158.70000000000002,2.122791792948067e-05
158.8,2.2180124827579088e-05
158.9,2.3132331725677507e-05
159.0,2.4084538623775923e-05
159.10000000000002,2.5036745521874614e-05
159.20000000000002,2.598895241997303e-05
159.3,2.5321518217190395e-05
159.4,2.3605510841464566e-05
159.5,2.188950346573874e-05
159.60000000000002,2.017349609001242e-05
159.70000000000002,1.8457488714286596e-05
159.8,1.6741481338560767e-05
159.9,1.5025473962834938e-05
160.0,1.3309466587109109e-05
160.10000000000002,1.1593459211382794e-05
160.20000000000002,9.877451835656965e-06
160.3,8.642859938341477e-06
160.4,7.723207977921723e-06
160.5,6.803556017501968e-06
160.60000000000002,5.8839040570819525e-06
160.70000000000002,4.9642520966621984e-06
160.8,4.0446001362424436e-06
160.9,3.124948175822689e-06
161.0,2.205296215402935e-06
161.10000000000002,1.2856442549829193e-06
161.20000000000002,3.659922945631648e-07
161.3,1.2256999831286997e-06
161.4,3.2616391383257927e-06
161.5,5.297578293522886e-06
161.60000000000002,7.333517448720557e-06
161.70000000000002,9.369456603917651e-06
161.8,1.1405395759114743e-05
161.9,1.3441334914311837e-05
162.0,1.547727406950893e-05
162.10000000000002,1.7513213224706598e-05
162.20000000000002,1.9549152379903694e-05
162.3,1.9789788757538514e-05
162.4,1.8831257466544002e-05
162.5,1.7872726175549493e-05
162.60000000000002,1.6914194884554713e-05
162.70000000000002,1.59556635935602e-05
162.8,1.4997132302565688e-05
162.9,1.4038601011571177e-05
163.0,1.3080069720576667e-05
163.10000000000002,1.2121538429581885e-05
163.20000000000002,1.1163007138587374e-05
163.3,1.2202247837915458e-05
163.4,1.4589803097322946e-05
163.5,1.6977358356730436e-05
163.60000000000002,1.93649136161386e-05
163.70000000000002,2.175246887554609e-05
163.8,2.4140024134953577e-05
163.9,2.6527579394361067e-05
164.0,2.8915134653768553e-05
164.10000000000002,3.1302689913176724e-05
164.20000000000002,3.369024517258421e-05
164.3,3.3342912027753104e-05
164.4,3.1130590498458116e-05
164.5,2.8918268969163124e-05
164.60000000000002,2.670594743986751e-05
164.70000000000002,2.449362591057252e-05
164.8,2.2281304381277533e-05
164.9,2.0068982851982548e-05
165.0,1.785666132268756e-05
165.10000000000002,1.5644339793391942e-05
165.20000000000002,1.3432018264096954e-05
165.3,1.1787892654426609e-05
165.4,1.0535249370768301e-05
165.5,9.282606087109993e-06
165.60000000000002,8.029962803451327e-06
165.70000000000002,6.777319519793019e-06
165.8,5.524676236134711e-06
165.9,4.272032952476403e-06
166.0,3.019389668818094e-06
166.10000000000002,1.7667463851594296e-06
166.20000000000002,5.141031015011211e-07
166.3,0.0
166.4,0.0
166.5,0.0
166.60000000000002,0.0
166.70000000000002,0.0
166.8,0.0
166.9,0.0
167.0,0.0
167.10000000000002,0.0
167.20000000000002,0.0
167.3,0.0
167.4,0.0
167.5,0.0
167.60000000000002,0.0
167.70000000000002,0.0
167.8,0.0
167.9,0.0
168.0,0.0
168.10000000000002,0.0
168.20000000000002,0.0
168.3,0.0
168.4,0.0
168.5,0.0
168.60000000000002,0.0
168.70000000000002,0.0
168.8,0.0
168.9,0.0
169.0,0.0
169.10000000000002,0.0
169.20000000000002,0.0
169.3,0.0
169.4,0.0
169.5,0.0
169.60000000000002,0.0
169.70000000000002,0.0
169.8,
169.9,
170.0,
170.10000000000002,
170.20000000000002,
170.3,
170.4,
170.5,
170.60000000000002,
170.70000000000002,
170.8,
170.9,
171.0,
171.10000000000002,
171.20000000000002,
171.3,
171.4,
171.5,
171.60000000000002,
171.70000000000002,
171.8,
171.9,
172.0,
172.10000000000002,
172.20000000000002,
172.3,
172.4,
172.5,
172.60000000000002,
172.70000000000002,
172.8,
172.9,
173.0,
173.10000000000002,
173.20000000000002,
173.3,
173.4,
173.5,
173.60000000000002,
173.70000000000002,
173.8,
173.9,
174.0,
174.10000000000002,
174.20000000000002,
174.3,
174.4,
174.5,
174.60000000000002,
174.70000000000002,
174.8,
174.9,
175.0,
175.10000000000002,
175.20000000000002,
175.3,
175.4,
175.5,
175.60000000000002,
175.70000000000002,
175.8,
175.9,
176.0,
176.10000000000002,
176.20000000000002,
176.3,
176.4,
176.5,
176.60000000000002,
176.70000000000002,
176.8,
176.9,
177.0,
177.10000000000002,
177.20000000000002,
177.3,
177.4,
177.5,
177.60000000000002,
177.70000000000002,
177.8,
177.9,
178.0,
178.10000000000002,
178.20000000000002,
178.3,
178.4,
178.5,
178.60000000000002,
178.70000000000002,
178.8,
178.9,
179.0,
179.10000000000002,
179.20000000000002,
179.3,
179.4,
179.5,
179.60000000000002,
179.70000000000002,
179.8,
179.9,
180.0,
